Avg_Salinity_P2,Max_Salinity,Avg_Temp,Cotton,Yield
4.004802098893954,18.022273806244172,32.33512452386056,Suvin,14.984009048540665
4.004802098893954,18.022273806244172,32.33512452386056,Muslin,18.41176219421527
4.839908173021623,27.619145939253045,30.871684172957075,Suvin,3.130812510904156
4.839908173021623,27.619145939253045,30.871684172957075,Muslin,5.998701727918271
4.64260880483561,13.776694368340156,34.06387555148988,Suvin,0.24278373933526456
4.64260880483561,13.776694368340156,34.06387555148988,Muslin,0.2859171955746355
5.099199957881804,18.827746604490635,33.2110379669861,Suvin,0.3382743667437266
5.099199957881804,18.827746604490635,33.2110379669861,Muslin,0.5694838332559243
5.201634180503805,18.809886869020968,34.60012604959179,Suvin,0.015498380734345202
5.201634180503805,18.809886869020968,34.60012604959179,Muslin,0.026277616887618448
3.284223103878419,10.175929424449498,32.68912200298523,Suvin,41.49620359117148
3.284223103878419,10.175929424449498,32.68912200298523,Muslin,29.678488244556913
4.733848893930568,14.946875797454881,31.396773753037944,Suvin,15.647644124203747
4.733848893930568,14.946875797454881,31.396773753037944,Muslin,25.472351104277823
4.394327458514893,15.075907234870058,32.15698480136648,Suvin,12.011437700892944
4.394327458514893,15.075907234870058,32.15698480136648,Muslin,15.715207724625717
4.122785813237976,23.090012416979242,32.261806947825704,Suvin,2.5631604912839085
4.122785813237976,23.090012416979242,32.261806947825704,Muslin,5.160207286812408
3.3045874669441724,12.467414857759579,31.978356951388324,Suvin,10.586085206044642
3.3045874669441724,12.467414857759579,31.978356951388324,Muslin,12.562704232355252
4.714608023762581,19.736448563237897,33.04414195834695,Suvin,1.7028237588640047
4.714608023762581,19.736448563237897,33.04414195834695,Muslin,2.3495190880689227
5.7965168121741915,24.985792281129967,32.50128843497784,Suvin,1.3372931696451016
5.7965168121741915,24.985792281129967,32.50128843497784,Muslin,1.7908173593921342
9.040565693257864,29.88872018430937,29.657972938248047,Suvin,4.405657452338816
9.040565693257864,29.88872018430937,29.657972938248047,Muslin,8.186122557827135
2.3684907524196066,47.3698028023037,31.757608937895643,Suvin,7.63484869140138
2.3684907524196066,47.3698028023037,31.757608937895643,Muslin,18.154848877199427
3.448824900741646,15.817161732357155,31.447061547291135,Suvin,11.207163008245242
3.448824900741646,15.817161732357155,31.447061547291135,Muslin,13.302976692644364
4.777666446508885,18.702611240924707,31.51699420260449,Suvin,22.217533988663604
4.777666446508885,18.702611240924707,31.51699420260449,Muslin,31.974245555555406
3.114472018184476,20.54715944619155,32.75487122341768,Suvin,9.847455396493588
3.114472018184476,20.54715944619155,32.75487122341768,Muslin,15.943646842010113
3.988733492117609,15.209274214785664,30.74978214314084,Suvin,222.4446231184168
3.988733492117609,15.209274214785664,30.74978214314084,Muslin,209.1178444053305
4.463952557444432,19.438531039643486,32.14198816859606,Suvin,4.009629203084405
4.463952557444432,19.438531039643486,32.14198816859606,Muslin,6.0287210631073105
4.5359739275314475,19.709240776225005,32.0758284732132,Suvin,7.3458744386106405
4.5359739275314475,19.709240776225005,32.0758284732132,Muslin,7.660755923062307
3.894548775065358,28.58825396325299,32.06134358250474,Suvin,0.4675252279428157
3.894548775065358,28.58825396325299,32.06134358250474,Muslin,2.279411043556555
3.0384005136291665,22.7545551382784,32.47670030736974,Suvin,2.4099906581608637
3.0384005136291665,22.7545551382784,32.47670030736974,Muslin,4.387348994207162
3.9175508057336317,12.174895316817597,31.045817429564824,Suvin,13.209715256745865
3.9175508057336317,12.174895316817597,31.045817429564824,Muslin,11.740241436664595
7.157167503228768,26.13164502091725,31.233649381650714,Suvin,1.6466576261698658
7.157167503228768,26.13164502091725,31.233649381650714,Muslin,4.1569398631136565
2.469624565640542,26.540684926401354,31.72448960691334,Suvin,2.6991577978956376
2.469624565640542,26.540684926401354,31.72448960691334,Muslin,8.567220851220737
3.543944047942796,17.842615810952005,33.547897914945345,Suvin,1.155764653275462
3.543944047942796,17.842615810952005,33.547897914945345,Muslin,1.3144322088355274
3.37802194430662,39.18268408270759,32.2988943037703,Suvin,1.0575683700363487
3.37802194430662,39.18268408270759,32.2988943037703,Muslin,2.192150624775417
7.253413074883255,39.582403837193695,33.377460228498464,Suvin,0.28706050107034087
7.253413074883255,39.582403837193695,33.377460228498464,Muslin,0.466271386895022
5.234835465081831,16.150242790912447,32.886497292054685,Suvin,0.9292356434539296
5.234835465081831,16.150242790912447,32.886497292054685,Muslin,1.215211279338627
3.167546530798508,16.16846238607504,32.418720628501106,Suvin,5.443288214062104
3.167546530798508,16.16846238607504,32.418720628501106,Muslin,9.597812333285216
6.575466375558113,30.71245634415947,30.12694881284482,Suvin,18.080841783350724
6.575466375558113,30.71245634415947,30.12694881284482,Muslin,34.24076414109573
5.9689347337690215,17.806278817434453,32.36840583908569,Suvin,1.8920069392124774
5.9689347337690215,17.806278817434453,32.36840583908569,Muslin,2.7226137397237076
4.730119209036812,17.23803154752166,31.668913347357382,Suvin,6.421251309315022
4.730119209036812,17.23803154752166,31.668913347357382,Muslin,12.317274997758549
3.846958816805706,17.775544095428952,31.08753598302833,Suvin,38.46045850610857
3.846958816805706,17.775544095428952,31.08753598302833,Muslin,49.82556890654915
3.686938750930825,16.484533443032074,32.17596513135059,Suvin,7.856242977829621
3.686938750930825,16.484533443032074,32.17596513135059,Muslin,18.576101420749914
5.323677840614285,15.448212418612806,31.01789913039116,Suvin,3.4819662377731713
5.323677840614285,15.448212418612806,31.01789913039116,Muslin,3.2291069135170107
3.841351282598144,18.252971003988975,32.25958721823236,Suvin,6.864591648981357
3.841351282598144,18.252971003988975,32.25958721823236,Muslin,7.368763829296185
4.535811329381979,18.57002968629194,31.468871393960107,Suvin,2.467019876577622
4.535811329381979,18.57002968629194,31.468871393960107,Muslin,4.094318308019334
5.4238142072882205,14.803774291826386,32.63158210030482,Suvin,1.346144982760203
5.4238142072882205,14.803774291826386,32.63158210030482,Muslin,1.7074246488993072
5.507250097185589,21.67056331752415,30.839538414959044,Suvin,33.234036947462165
5.507250097185589,21.67056331752415,30.839538414959044,Muslin,33.155639851540535
4.8887453018116505,20.863872153856097,32.687792987459474,Suvin,0.44051067473374955
4.8887453018116505,20.863872153856097,32.687792987459474,Muslin,1.371213421153112
5.758581247238035,22.372054009206106,30.72793270614612,Suvin,15.30131871966839
5.758581247238035,22.372054009206106,30.72793270614612,Muslin,18.051048869631487
4.5895299951850195,18.830827008236707,31.211129332456544,Suvin,16.383678483437375
4.5895299951850195,18.830827008236707,31.211129332456544,Muslin,33.931988036657636
3.058203344256449,15.746564110111052,32.331302912337314,Suvin,27.045429850179804
3.058203344256449,15.746564110111052,32.331302912337314,Muslin,34.49676434727741
8.46849219717579,30.505889584833525,32.45630479813841,Suvin,3.577843739630618
8.46849219717579,30.505889584833525,32.45630479813841,Muslin,5.195155231974108
5.430456858572308,15.466825093865937,31.64467739724794,Suvin,5.5631902503105755
5.430456858572308,15.466825093865937,31.64467739724794,Muslin,7.653780697558593
4.647947550746873,17.544957453232936,31.55265766600001,Suvin,0.5918010281942254
4.647947550746873,17.544957453232936,31.55265766600001,Muslin,2.061246788187135
4.042381711788826,27.271449219477528,31.987794085690506,Suvin,0.6572752048331456
4.042381711788826,27.271449219477528,31.987794085690506,Muslin,1.4661013360025066
4.496039974213419,12.534623301549091,32.50832684161899,Suvin,10.408137695389263
4.496039974213419,12.534623301549091,32.50832684161899,Muslin,8.998344612315519
3.81433575620651,13.931093341288681,33.14058394586416,Suvin,1.5567633158117846
3.81433575620651,13.931093341288681,33.14058394586416,Muslin,1.7782733026238824
4.240887715180215,14.309370223731298,33.05820628803301,Suvin,1.2662579011772024
4.240887715180215,14.309370223731298,33.05820628803301,Muslin,1.2543005594506014
5.08372770679286,14.2480477557434,30.769916541093057,Suvin,23.967096625824226
5.08372770679286,14.2480477557434,30.769916541093057,Muslin,25.21103538980289
3.934268325834026,18.45925373165227,32.93062002752249,Suvin,1.3122744612894988
3.934268325834026,18.45925373165227,32.93062002752249,Muslin,1.4197281928072647
4.943849688547981,23.826492343404638,32.32564931850207,Suvin,3.028573741505527
4.943849688547981,23.826492343404638,32.32564931850207,Muslin,5.523280517928963
3.5648718991283457,14.27628720367385,32.63494521080114,Suvin,1.9408786774518445
3.5648718991283457,14.27628720367385,32.63494521080114,Muslin,2.395374300164167
4.102173256220914,28.162542430710047,32.08610823889157,Suvin,2.996866144941941
4.102173256220914,28.162542430710047,32.08610823889157,Muslin,5.81203400105246
7.549968421385034,23.32686395365993,31.90803863784166,Suvin,1.744523278423808
7.549968421385034,23.32686395365993,31.90803863784166,Muslin,2.950345643465455
5.717525842007133,19.717641738076285,33.06253283120894,Suvin,0.7476743804701139
5.717525842007133,19.717641738076285,33.06253283120894,Muslin,1.3143101237752144
4.676163919340513,17.76554812917813,32.9707651021978,Suvin,2.0825297896969275
4.676163919340513,17.76554812917813,32.9707651021978,Muslin,2.209099641280769
3.6760527749927188,12.317550196816319,32.182559947805736,Suvin,8.68141249101329
3.6760527749927188,12.317550196816319,32.182559947805736,Muslin,9.724161740548219
4.257110387104339,14.674984368084573,31.994204385931525,Suvin,10.099460792109554
4.257110387104339,14.674984368084573,31.994204385931525,Muslin,13.49391034870098
4.01228907754842,32.24167528687346,32.23127730518381,Suvin,3.7778088203762175
4.01228907754842,32.24167528687346,32.23127730518381,Muslin,7.940632233164541
3.7083079083904127,16.513412105529095,32.93068286650576,Suvin,11.957586246202942
3.7083079083904127,16.513412105529095,32.93068286650576,Muslin,12.15447829513374
5.520280025192746,17.104373084319985,31.485401222142954,Suvin,1.5758353396804459
5.520280025192746,17.104373084319985,31.485401222142954,Muslin,2.0017754839153095
4.048658678115637,16.88262226157629,32.208106695673294,Suvin,1.1223286293556807
4.048658678115637,16.88262226157629,32.208106695673294,Muslin,2.0606016302406243
5.310927921144758,26.829221459620932,32.97877460492736,Suvin,0.5241535150743755
5.310927921144758,26.829221459620932,32.97877460492736,Muslin,1.0398845163019022
3.091253605095041,20.19738607056163,31.556173178886546,Suvin,20.529809393345666
3.091253605095041,20.19738607056163,31.556173178886546,Muslin,39.2502612460929
3.674878490651199,24.99008333086678,31.876032341643683,Suvin,2.1151590296940803
3.674878490651199,24.99008333086678,31.876032341643683,Muslin,4.716224062982613
4.571266905568991,12.607519041392706,32.39696883705405,Suvin,4.781554286029623
4.571266905568991,12.607519041392706,32.39696883705405,Muslin,3.1463639874257905
2.9788610822124775,22.88929248143606,32.34370132810701,Suvin,6.6232968533653676
2.9788610822124775,22.88929248143606,32.34370132810701,Muslin,8.46213681421761
4.616171038682079,27.98359554130289,31.931533355067707,Suvin,0.8792078603827017
4.616171038682079,27.98359554130289,31.931533355067707,Muslin,2.5938940179002348
4.9291175469332185,25.479076590545617,32.10768815159142,Suvin,0.8253129395483713
4.9291175469332185,25.479076590545617,32.10768815159142,Muslin,3.0012048638155377
5.2778160303456465,19.393007206557776,32.17053112165018,Suvin,1.35049963187961
5.2778160303456465,19.393007206557776,32.17053112165018,Muslin,1.8822314843627392
5.283833272934982,32.384193151733164,30.83233844105207,Suvin,6.571124249083034
5.283833272934982,32.384193151733164,30.83233844105207,Muslin,10.604285412416285
3.304598601484737,15.072108135272552,30.443612730758765,Suvin,291.79957717621465
3.304598601484737,15.072108135272552,30.443612730758765,Muslin,188.85720429084304
9.996271149622572,41.67361675281502,32.064862294464895,Suvin,0.14376429984015415
9.996271149622572,41.67361675281502,32.064862294464895,Muslin,0.45343674213039564
6.098739448004287,23.31532145308815,31.12417443578793,Suvin,1.5119763432944653
6.098739448004287,23.31532145308815,31.12417443578793,Muslin,4.24932422926358
6.029877428352387,27.572811916479296,32.48552262466174,Suvin,1.6603698286266682
6.029877428352387,27.572811916479296,32.48552262466174,Muslin,2.855196067729459
4.934049869241973,31.156138745550702,32.255986164463714,Suvin,0.09943942712761294
4.934049869241973,31.156138745550702,32.255986164463714,Muslin,1.037456515152073
2.8266427382549524,12.896345543025351,30.98958521110469,Suvin,60.79115556242747
2.8266427382549524,12.896345543025351,30.98958521110469,Muslin,52.06742179113923
3.3760550364609836,16.291195126459154,30.4132389315932,Suvin,28.608414045142496
3.3760550364609836,16.291195126459154,30.4132389315932,Muslin,38.320087152659966
5.846496248580328,13.334725090316502,32.27379606803172,Suvin,1.8174375908160352
5.846496248580328,13.334725090316502,32.27379606803172,Muslin,1.6984858399199805
3.1282498095506157,14.024260892067886,31.838511852133117,Suvin,64.55083573189913
3.1282498095506157,14.024260892067886,31.838511852133117,Muslin,49.98940786558671
4.961929227844994,28.999424916974597,31.544077502704006,Suvin,2.9373696274647343
4.961929227844994,28.999424916974597,31.544077502704006,Muslin,6.316583972250168
4.7973290317559085,15.701272189565438,32.72611504617491,Suvin,0.7202172429778037
4.7973290317559085,15.701272189565438,32.72611504617491,Muslin,1.8126173052928845
7.448098956832059,26.55374979451663,32.200668923069536,Suvin,0.2997106704432666
7.448098956832059,26.55374979451663,32.200668923069536,Muslin,1.1525504357046645
5.585638019648177,24.38399932620215,34.40831786354236,Suvin,0.06464391573797063
5.585638019648177,24.38399932620215,34.40831786354236,Muslin,0.053437574496601574
3.3021575929672857,20.9897611144349,33.082913799402625,Suvin,22.104414135760457
3.3021575929672857,20.9897611144349,33.082913799402625,Muslin,28.897410774678683
8.280171387957303,33.87101888869621,31.7698517732013,Suvin,3.309613937788268
8.280171387957303,33.87101888869621,31.7698517732013,Muslin,5.794595427936187
7.165812269147014,33.22536444004681,32.10149152053132,Suvin,1.2846748732638715
7.165812269147014,33.22536444004681,32.10149152053132,Muslin,2.6813573604094736
5.836875929298016,25.55344126860639,31.41804547897918,Suvin,6.688178638841197
5.836875929298016,25.55344126860639,31.41804547897918,Muslin,7.814514349622591
3.272800413073775,14.615175680102512,32.53884733306073,Suvin,5.189953788890736
3.272800413073775,14.615175680102512,32.53884733306073,Muslin,5.841142763322133
4.405617097354708,20.6632764468962,33.1355082687916,Suvin,6.641632558564398
4.405617097354708,20.6632764468962,33.1355082687916,Muslin,5.2840650515222105
4.425051810613177,18.706962180014823,31.099994201446705,Suvin,35.88507848998263
4.425051810613177,18.706962180014823,31.099994201446705,Muslin,51.15328865435659
3.5494143386738815,16.490734549440866,31.728344575367448,Suvin,13.983044559849809
3.5494143386738815,16.490734549440866,31.728344575367448,Muslin,19.018865175406432
3.785036796039485,19.11704526234796,29.96709605218501,Suvin,24.752944870942823
3.785036796039485,19.11704526234796,29.96709605218501,Muslin,39.519701827289346
3.1058445763746447,10.64886727763039,30.715585775796157,Suvin,375.98837083182275
3.1058445763746447,10.64886727763039,30.715585775796157,Muslin,278.1790284085297
4.505370035438934,31.49941646336058,32.71104032719607,Suvin,0.5584827727020322
4.505370035438934,31.49941646336058,32.71104032719607,Muslin,1.3989607462222133
4.190018788374697,15.992294471394558,32.583220859873805,Suvin,0.9938540003111622
4.190018788374697,15.992294471394558,32.583220859873805,Muslin,1.4516414600908094
3.709504318181787,38.782114143801586,32.78242170272351,Suvin,0.7703434701172924
3.709504318181787,38.782114143801586,32.78242170272351,Muslin,1.381874696330438
4.1052007341904515,24.425018486718855,31.627400929331184,Suvin,19.610725102170548
4.1052007341904515,24.425018486718855,31.627400929331184,Muslin,22.83519521520393
3.852790228437163,17.566784232659263,33.596619295118025,Suvin,0.09330098742223439
3.852790228437163,17.566784232659263,33.596619295118025,Muslin,0.36111044341956156
6.965552582776277,26.711419948248302,32.787843739863895,Suvin,0.03562094038722372
6.965552582776277,26.711419948248302,32.787843739863895,Muslin,0.12090566592562946
3.3820410835064467,18.813319115189017,33.861959130577496,Suvin,0.18669800867660213
3.3820410835064467,18.813319115189017,33.861959130577496,Muslin,0.2608271752799045
4.7938016010783535,11.915131573911193,31.93681994610533,Suvin,5.576887253179898
4.7938016010783535,11.915131573911193,31.93681994610533,Muslin,6.182541216864064
3.401384982119576,11.40500846044313,31.934548499337733,Suvin,308.91619906300286
3.401384982119576,11.40500846044313,31.934548499337733,Muslin,203.3054531700767
4.6487074417427925,28.306300237433728,29.925032579654122,Suvin,5.1384672466987045
4.6487074417427925,28.306300237433728,29.925032579654122,Muslin,16.144126818264102
4.843600078239551,18.580623617829275,31.34187833207271,Suvin,27.790667453665392
4.843600078239551,18.580623617829275,31.34187833207271,Muslin,21.774638340902772
4.652759817331382,22.6629640290546,32.69565690099894,Suvin,0.7469296099886533
4.652759817331382,22.6629640290546,32.69565690099894,Muslin,0.9955813050635314
4.680647781242254,33.7625608795587,32.180646888383215,Suvin,1.6694910500857012
4.680647781242254,33.7625608795587,32.180646888383215,Muslin,3.474298945994666
4.805867833814064,26.412249031760393,34.03091878815969,Suvin,0.003389128212284748
4.805867833814064,26.412249031760393,34.03091878815969,Muslin,0.01017179888890694
5.627100350052828,19.51123221418975,32.613171064964625,Suvin,4.562979350694873
5.627100350052828,19.51123221418975,32.613171064964625,Muslin,4.1674337236550745
6.14786181882466,16.319772944068536,31.453374679136626,Suvin,4.298779799884192
6.14786181882466,16.319772944068536,31.453374679136626,Muslin,8.401218156576013
3.177561229334941,26.02504264214869,31.458672423187803,Suvin,7.404509625490025
3.177561229334941,26.02504264214869,31.458672423187803,Muslin,15.009754541692272
5.812173544361539,17.761594055578843,30.234162794931986,Suvin,49.50265246541843
5.812173544361539,17.761594055578843,30.234162794931986,Muslin,32.861721259204906
3.4857352582550956,16.456400581189804,32.723816717319544,Suvin,0.6093903428296759
3.4857352582550956,16.456400581189804,32.723816717319544,Muslin,1.442205486804858
4.425451262148996,16.08393343486482,31.994579074218464,Suvin,14.159359044347676
4.425451262148996,16.08393343486482,31.994579074218464,Muslin,13.54516042770873
3.098838365446724,11.337347365485357,29.95378818189431,Suvin,554.9071757125957
3.098838365446724,11.337347365485357,29.95378818189431,Muslin,400.92113407179033
6.617210568491217,21.07771654387752,31.60917051150653,Suvin,4.4911257264691855
6.617210568491217,21.07771654387752,31.60917051150653,Muslin,5.403954170753085
4.537740256256887,20.188869424491315,31.37629085903928,Suvin,28.293894682110466
4.537740256256887,20.188869424491315,31.37629085903928,Muslin,25.473472048137552
6.417833442921039,23.873814362580756,31.025208646740165,Suvin,6.41228165610996
6.417833442921039,23.873814362580756,31.025208646740165,Muslin,7.587755437359207
3.882590174518705,34.13472704896649,32.428285280485866,Suvin,4.70767725638035
3.882590174518705,34.13472704896649,32.428285280485866,Muslin,7.506529888291893
4.970293760871745,21.316656364154717,31.97432946292072,Suvin,2.9392000568513286
4.970293760871745,21.316656364154717,31.97432946292072,Muslin,5.0418661468725805
4.359289666773394,14.246903834634615,32.03440971790332,Suvin,3.3749922224498254
4.359289666773394,14.246903834634615,32.03440971790332,Muslin,3.545615735934893
5.089585171879839,15.394288442477928,31.82957023799168,Suvin,33.289658578220184
5.089585171879839,15.394288442477928,31.82957023799168,Muslin,25.52261372208126
2.982836027365627,16.111226145562586,30.50735161472403,Suvin,15.26644622383356
2.982836027365627,16.111226145562586,30.50735161472403,Muslin,26.238875809773617
2.930828459566951,23.61933197017451,30.490800625908822,Suvin,11.225265868445254
2.930828459566951,23.61933197017451,30.490800625908822,Muslin,33.34942984362853
4.359811474453365,20.90161902315831,30.41113812256633,Suvin,4.1259297776140835
4.359811474453365,20.90161902315831,30.41113812256633,Muslin,11.616694331493223
8.553021733734102,22.728154664989777,32.23974035949356,Suvin,0.06685400696503385
8.553021733734102,22.728154664989777,32.23974035949356,Muslin,0.1345675404347131
4.771121357695792,27.550245294843236,32.10847864491906,Suvin,2.2890000488422606
4.771121357695792,27.550245294843236,32.10847864491906,Muslin,4.231340521360036
8.134425010596058,25.84697816788882,32.48917937829405,Suvin,4.076386653084122
8.134425010596058,25.84697816788882,32.48917937829405,Muslin,3.800623174191495
3.0793288928865823,15.253958685111499,31.339698965262553,Suvin,46.81283821263205
3.0793288928865823,15.253958685111499,31.339698965262553,Muslin,62.03404772219338
5.36765893812528,40.81771580719328,34.197768227673954,Suvin,0.004411234773004023
5.36765893812528,40.81771580719328,34.197768227673954,Muslin,0.020565126329230445
8.04091959103121,29.654923136590014,31.967106413124906,Suvin,0.2898984201709845
8.04091959103121,29.654923136590014,31.967106413124906,Muslin,0.8032452186298357
5.013125181400943,11.80763866930134,34.43905166348365,Suvin,0.46574131774356
5.013125181400943,11.80763866930134,34.43905166348365,Muslin,0.39584584100532816
4.683232638298821,22.240937705373707,30.88903791401348,Suvin,23.9977401334697
4.683232638298821,22.240937705373707,30.88903791401348,Muslin,39.81839038361862
5.154947940244356,18.23898261743211,31.679893671120933,Suvin,2.0975500756593366
5.154947940244356,18.23898261743211,31.679893671120933,Muslin,3.9500587036677137
3.0395743030150575,12.25131785895466,32.30086769145729,Suvin,12.201329699253677
3.0395743030150575,12.25131785895466,32.30086769145729,Muslin,11.971317117892214
4.859483679110528,25.413136180531286,33.58731435605298,Suvin,0.15279755640808318
4.859483679110528,25.413136180531286,33.58731435605298,Muslin,0.4485499884418199
6.135141087990099,24.480709372057966,33.067555379340575,Suvin,0.13067155787234477
6.135141087990099,24.480709372057966,33.067555379340575,Muslin,0.3751261412880754
3.707557151843081,21.273759136352535,32.79989216785387,Suvin,0.4798359113148492
3.707557151843081,21.273759136352535,32.79989216785387,Muslin,0.9764206367829404
6.984931436533234,20.083651220787395,32.43843675576965,Suvin,7.810040400595139
6.984931436533234,20.083651220787395,32.43843675576965,Muslin,6.76413235606127
4.610161572735704,12.335640935496446,31.55785161453139,Suvin,21.41129026373782
4.610161572735704,12.335640935496446,31.55785161453139,Muslin,26.286263292278306
2.0558991527464214,20.098245866783895,32.15333164263879,Suvin,7.403310226160773
2.0558991527464214,20.098245866783895,32.15333164263879,Muslin,10.791253074667326
3.078419989734963,14.012635771317793,32.02700190721342,Suvin,58.34032110064465
3.078419989734963,14.012635771317793,32.02700190721342,Muslin,64.83907143380218
5.493002864812479,23.254311147906304,31.446210016861762,Suvin,0.7614452578794343
5.493002864812479,23.254311147906304,31.446210016861762,Muslin,2.762854105095777
3.8235523216206406,17.45996646663108,34.29255731271749,Suvin,0.45629611978915446
3.8235523216206406,17.45996646663108,34.29255731271749,Muslin,0.41289757543930755
3.9380116528211717,13.644791992464974,32.68192023360667,Suvin,2.3807595273743587
3.9380116528211717,13.644791992464974,32.68192023360667,Muslin,2.197786533539962
4.497199245373963,22.995076611678353,32.68677507556217,Suvin,0.2415277584364101
4.497199245373963,22.995076611678353,32.68677507556217,Muslin,0.8387369573175224
3.7281056573656857,16.620783801223187,31.2851556335012,Suvin,7.918661011801501
3.7281056573656857,16.620783801223187,31.2851556335012,Muslin,18.53748432360215
6.196805329179723,50.0,30.92633934586022,Suvin,0.89827652526087
6.196805329179723,50.0,30.92633934586022,Muslin,3.2042068919592066
4.3066906080103555,23.39363940952418,29.905676879765377,Suvin,0.8216432497752584
4.3066906080103555,23.39363940952418,29.905676879765377,Muslin,5.119411102724206
6.748400850082865,27.292712300124048,33.581669037803,Suvin,0.04236092586015027
6.748400850082865,27.292712300124048,33.581669037803,Muslin,0.11871789588861462
2.355723495476345,36.57352019473587,31.756113488879958,Suvin,2.9425181932944264
2.355723495476345,36.57352019473587,31.756113488879958,Muslin,8.42526718184701
5.884634959312587,21.081380950403943,31.447039200274897,Suvin,22.904877376680815
5.884634959312587,21.081380950403943,31.447039200274897,Muslin,24.250269570029953
4.24758189700877,16.874209468834124,30.53351125262695,Suvin,12.097463490721774
4.24758189700877,16.874209468834124,30.53351125262695,Muslin,17.271390700978596
2.9590217533724896,17.117443668552912,31.577111929028757,Suvin,42.636522043414374
2.9590217533724896,17.117443668552912,31.577111929028757,Muslin,40.87727671418998
2.5218515412893683,16.809727996952287,31.249026263411473,Suvin,4.304288576914444
2.5218515412893683,16.809727996952287,31.249026263411473,Muslin,4.9434882050398095
5.521483514104986,16.78622611214619,33.1593202877665,Suvin,0.18622039721749117
5.521483514104986,16.78622611214619,33.1593202877665,Muslin,0.4141165590191879
3.4919678044421776,18.36139198990274,29.684785781434226,Suvin,18.818755132348585
3.4919678044421776,18.36139198990274,29.684785781434226,Muslin,40.93558437780899
6.9861209174195835,16.873619570629838,30.874701242966072,Suvin,4.895219830522905
6.9861209174195835,16.873619570629838,30.874701242966072,Muslin,5.544468438422799
3.5717659362208867,14.007607649443827,32.04963751086845,Suvin,4.736334846182462
3.5717659362208867,14.007607649443827,32.04963751086845,Muslin,5.835968635063317
4.798411015368405,31.930934168340368,32.51206516435768,Suvin,3.3746784369879887
4.798411015368405,31.930934168340368,32.51206516435768,Muslin,6.356074206492558
5.775995694596722,23.402192102541573,32.5381949557765,Suvin,0.3914341626732128
5.775995694596722,23.402192102541573,32.5381949557765,Muslin,0.6749741878834826
8.00820985638568,24.86594077290675,32.35443234671438,Suvin,3.8692838801338403
8.00820985638568,24.86594077290675,32.35443234671438,Muslin,3.8079783646879473
6.3291434931000365,23.382902043469922,30.329000905935946,Suvin,0.7523183303461033
6.3291434931000365,23.382902043469922,30.329000905935946,Muslin,2.431772497671428
4.2893685255793335,11.071349005012541,32.236099074411065,Suvin,21.810689156314403
4.2893685255793335,11.071349005012541,32.236099074411065,Muslin,19.185007966195844
6.514824751416111,25.833574699893294,32.260546918604696,Suvin,1.0887279876697875
6.514824751416111,25.833574699893294,32.260546918604696,Muslin,1.8523329035779448
6.511179845972256,20.449238373343373,30.265372586695094,Suvin,27.719221993787745
6.511179845972256,20.449238373343373,30.265372586695094,Muslin,27.23668299396984
5.27654027156764,21.656390255482577,32.40116488177303,Suvin,0.20289843775654448
5.27654027156764,21.656390255482577,32.40116488177303,Muslin,0.5387979967341324
4.337782412435457,14.258372580811965,32.011852953617066,Suvin,6.765288216733885
4.337782412435457,14.258372580811965,32.011852953617066,Muslin,9.794299120190772
6.917432311199045,25.085465842110537,32.88437716443785,Suvin,1.4921862983934118
6.917432311199045,25.085465842110537,32.88437716443785,Muslin,1.3353505966248693
2.9502139936712335,12.83867077393412,32.72739789682554,Suvin,111.78583423502347
2.9502139936712335,12.83867077393412,32.72739789682554,Muslin,87.38736223718107
4.208907614961808,15.813039683092635,32.784433962775736,Suvin,3.75346509145935
4.208907614961808,15.813039683092635,32.784433962775736,Muslin,4.881020352289759
4.7057223789529745,16.37128781749133,32.95721586716152,Suvin,0.4602319083013868
4.7057223789529745,16.37128781749133,32.95721586716152,Muslin,0.756780609623472
2.7264346110624484,14.996704565179146,31.790131543347425,Suvin,9.814160842380252
2.7264346110624484,14.996704565179146,31.790131543347425,Muslin,9.335154746328918
5.460830624363013,40.20240846499149,32.163381991505815,Suvin,0.6474875926285653
5.460830624363013,40.20240846499149,32.163381991505815,Muslin,2.056248289184996
3.132152867038875,13.240545600388524,33.01546913496558,Suvin,11.574071998373679
3.132152867038875,13.240545600388524,33.01546913496558,Muslin,11.700142714609797
4.828360955422382,19.524746994712036,30.991076555231096,Suvin,9.143743447023752
4.828360955422382,19.524746994712036,30.991076555231096,Muslin,12.140849513668844
5.007937043457426,16.944846508065062,33.07176671415966,Suvin,0.811658140642225
5.007937043457426,16.944846508065062,33.07176671415966,Muslin,0.7415813892199284
4.841652260589894,25.14890244072684,32.21334514567961,Suvin,3.216343123641566
4.841652260589894,25.14890244072684,32.21334514567961,Muslin,5.470757817851824
8.022861814975474,31.338749830376486,32.73005621126007,Suvin,6.607763176113295
8.022861814975474,31.338749830376486,32.73005621126007,Muslin,6.9160962215702035
3.4972201876622195,18.432202801395952,34.383361208920135,Suvin,0.014588997333049443
3.4972201876622195,18.432202801395952,34.383361208920135,Muslin,0.036458286344595595
3.166618714432138,18.617255608711847,30.1380033842123,Suvin,13.664534187546135
3.166618714432138,18.617255608711847,30.1380033842123,Muslin,38.61777223035809
3.0094678572585285,12.188106173488016,31.847340419576653,Suvin,37.66242304788497
3.0094678572585285,12.188106173488016,31.847340419576653,Muslin,32.171647122286416
9.740365692736141,46.3106355349584,30.572645958692288,Suvin,0.4863155986597832
9.740365692736141,46.3106355349584,30.572645958692288,Muslin,1.0547851265187032
3.0744748312981347,24.408203659289214,31.757514856065182,Suvin,4.090620933789809
3.0744748312981347,24.408203659289214,31.757514856065182,Muslin,8.031018556926925
4.856936991834473,13.162556912862412,32.58263590986239,Suvin,1.2310898240375183
4.856936991834473,13.162556912862412,32.58263590986239,Muslin,1.468358112251438
3.5100592729189546,20.249715142322597,31.9128283946955,Suvin,2.1149060612752564
3.5100592729189546,20.249715142322597,31.9128283946955,Muslin,3.062055751559601
3.0196851927195953,18.194861801895822,30.204992479465357,Suvin,29.35398725099266
3.0196851927195953,18.194861801895822,30.204992479465357,Muslin,49.1987620534794
5.38838195460935,15.505674326415622,32.010963129084914,Suvin,1.7184880384070549
5.38838195460935,15.505674326415622,32.010963129084914,Muslin,3.2112906833479173
3.824430470007907,12.413236506688902,30.449492018332034,Suvin,504.00193348598236
3.824430470007907,12.413236506688902,30.449492018332034,Muslin,342.0142717476269
4.168549216495214,13.777736184522926,32.878246943268,Suvin,0.70710640017446
4.168549216495214,13.777736184522926,32.878246943268,Muslin,0.8895813513212553
3.683066360850986,21.747020783665352,31.887110661407814,Suvin,1.141867715939885
3.683066360850986,21.747020783665352,31.887110661407814,Muslin,3.4404218535448803
5.330732941012724,19.398023316959865,33.63461731244005,Suvin,1.8070142537622116
5.330732941012724,19.398023316959865,33.63461731244005,Muslin,2.0831741478374246
6.0982778618346645,24.285928306031753,30.058258061360085,Suvin,9.523295699173996
6.0982778618346645,24.285928306031753,30.058258061360085,Muslin,14.961341927547352
3.207109931867335,21.11047701303995,32.67948338578323,Suvin,0.7209760631064194
3.207109931867335,21.11047701303995,32.67948338578323,Muslin,2.0732056977473152
5.823622973620328,31.75991851519859,31.5200139939893,Suvin,4.0833610902981565
5.823622973620328,31.75991851519859,31.5200139939893,Muslin,8.022067981637019
4.124957650517176,16.37724520535025,32.63921581946189,Suvin,8.10158086442341
4.124957650517176,16.37724520535025,32.63921581946189,Muslin,8.856781261645626
5.463032981232311,19.569545497781096,34.666745332761884,Suvin,0.016199495962545978
5.463032981232311,19.569545497781096,34.666745332761884,Muslin,0.021794160858053104
5.3043429126408865,18.014052352446274,32.37771449927249,Suvin,1.1707526939234232
5.3043429126408865,18.014052352446274,32.37771449927249,Muslin,1.910997277743392
7.38776406228049,43.97748899551261,33.409965217121766,Suvin,0.009864630902807887
7.38776406228049,43.97748899551261,33.409965217121766,Muslin,0.03982066640642974
4.041889946786085,20.226141141694068,34.09675527221517,Suvin,0.044238801132613706
4.041889946786085,20.226141141694068,34.09675527221517,Muslin,0.060951504137351176
5.924990393513491,30.00411296925162,32.8500086251369,Suvin,0.430426901106907
5.924990393513491,30.00411296925162,32.8500086251369,Muslin,0.5583497588535067
5.874503196275618,21.33001332733072,30.609742497199417,Suvin,20.545797037632365
5.874503196275618,21.33001332733072,30.609742497199417,Muslin,20.15760274110037
4.497427326097504,23.376318120640157,32.801453166073316,Suvin,0.3276261174494774
4.497427326097504,23.376318120640157,32.801453166073316,Muslin,1.0233717146636772
5.847045957847493,21.963571451861867,32.17236709170249,Suvin,2.3244793329289775
5.847045957847493,21.963571451861867,32.17236709170249,Muslin,3.3535670087907627
5.896459650845419,20.004979650686074,33.664667376791606,Suvin,0.33468850140462725
5.896459650845419,20.004979650686074,33.664667376791606,Muslin,0.3847161099018126
4.516937568426854,14.397499387303625,31.99573337669396,Suvin,14.282015562257012
4.516937568426854,14.397499387303625,31.99573337669396,Muslin,13.728948104227992
5.97039690872602,31.33289116917583,32.47739892534285,Suvin,0.19745844019962205
5.97039690872602,31.33289116917583,32.47739892534285,Muslin,0.4658134145402377
8.012955435327635,25.764938395148356,30.35874670882894,Suvin,24.024543894230646
8.012955435327635,25.764938395148356,30.35874670882894,Muslin,30.86732248002489
5.87026691178485,23.033889572197577,30.831370362658724,Suvin,12.814763914628138
5.87026691178485,23.033889572197577,30.831370362658724,Muslin,10.55884291305761
3.90548043332697,26.312475348955594,33.759738067263115,Suvin,0.18619850124054269
3.90548043332697,26.312475348955594,33.759738067263115,Muslin,0.5063451614742499
6.716992183389501,19.719770091533707,31.51564939764024,Suvin,2.482147770392572
6.716992183389501,19.719770091533707,31.51564939764024,Muslin,3.6107310107969792
7.4957461967575085,20.087077640796892,31.349034566740485,Suvin,0.48274421884558266
7.4957461967575085,20.087077640796892,31.349034566740485,Muslin,1.3046771459191597
5.876366766593959,25.915351992652592,33.08093555768743,Suvin,1.2413389031298374
5.876366766593959,25.915351992652592,33.08093555768743,Muslin,1.1647707606406235
4.46256124438027,19.9651026458206,31.848172528120596,Suvin,12.111627910040886
4.46256124438027,19.9651026458206,31.848172528120596,Muslin,21.296824700515707
3.9389665364962334,34.23055544518019,32.56046222182674,Suvin,2.9135477935395335
3.9389665364962334,34.23055544518019,32.56046222182674,Muslin,8.292322872998971
6.657377069350286,17.598164545265014,31.645293438072212,Suvin,6.321429731663603
6.657377069350286,17.598164545265014,31.645293438072212,Muslin,5.848575266097971
5.046068644450828,15.615568212675974,32.182623710607686,Suvin,2.651015163088303
5.046068644450828,15.615568212675974,32.182623710607686,Muslin,4.477326766460929
2.5642020498235074,15.415316414529645,31.920713806940505,Suvin,7.957549887108268
2.5642020498235074,15.415316414529645,31.920713806940505,Muslin,11.575379317979985
5.501599805112961,16.250910330535866,30.286962578722303,Suvin,13.80886547723509
5.501599805112961,16.250910330535866,30.286962578722303,Muslin,26.240318041501396
5.5953904132648535,27.8152008074647,31.13339043194311,Suvin,8.844298422547626
5.5953904132648535,27.8152008074647,31.13339043194311,Muslin,11.172940638127209
8.652519815893436,28.727159576038524,31.541973198073727,Suvin,0.6880763369994369
8.652519815893436,28.727159576038524,31.541973198073727,Muslin,1.1643076597939648
4.560541358578353,20.937081498663375,31.576134941860932,Suvin,2.5292868827534827
4.560541358578353,20.937081498663375,31.576134941860932,Muslin,5.9146651181463845
3.5655282630258243,15.34019003891918,33.639130354947234,Suvin,0.34254350574311243
3.5655282630258243,15.34019003891918,33.639130354947234,Muslin,0.72881382863059
3.4594637860288353,11.749495373894959,31.660006599870645,Suvin,120.80348170119262
3.4594637860288353,11.749495373894959,31.660006599870645,Muslin,97.12276747019254
5.999159355407376,17.10501694493389,32.435346053964764,Suvin,1.4351989056833538
5.999159355407376,17.10501694493389,32.435346053964764,Muslin,1.9334618200565319
3.9219856265847928,17.58518218711874,32.58531057493334,Suvin,26.54973038849908
3.9219856265847928,17.58518218711874,32.58531057493334,Muslin,34.610766549377665
3.403013502762012,16.65106232210154,33.08391949604137,Suvin,4.077575875560954
3.403013502762012,16.65106232210154,33.08391949604137,Muslin,6.287425510096304
2.7766306666578666,14.441677296498368,33.874865844897066,Suvin,1.4041675699845046
2.7766306666578666,14.441677296498368,33.874865844897066,Muslin,1.4750256612335706
5.337745889629914,17.163415168091166,33.2380528093778,Suvin,1.8333719237571857
5.337745889629914,17.163415168091166,33.2380528093778,Muslin,1.7433659876853602
4.017754831422728,19.54787383642394,31.0938860387493,Suvin,1.4537260186148957
4.017754831422728,19.54787383642394,31.0938860387493,Muslin,1.8486453530839657
4.611188842492355,15.144612976924838,31.479686904164705,Suvin,35.71315863916927
4.611188842492355,15.144612976924838,31.479686904164705,Muslin,31.56195194418619
5.759116661450288,43.36805055771062,30.11942233805869,Suvin,4.27494351453751
5.759116661450288,43.36805055771062,30.11942233805869,Muslin,10.150996401511549
6.155959272575657,16.3598776757188,31.28517059001305,Suvin,2.3197427737268432
6.155959272575657,16.3598776757188,31.28517059001305,Muslin,4.149115876823397
5.4434840636237585,20.83324736115807,32.4786963228112,Suvin,0.5098844444380576
5.4434840636237585,20.83324736115807,32.4786963228112,Muslin,0.7183750394322549
4.054490969601733,15.145834170755908,32.980413601797096,Suvin,1.7127168110507205
4.054490969601733,15.145834170755908,32.980413601797096,Muslin,2.1301509509395693
5.24238963949345,19.217584653317846,31.181377164930876,Suvin,1.8584759640329132
5.24238963949345,19.217584653317846,31.181377164930876,Muslin,2.4888189197572403
3.967633382129561,16.52948644377183,30.30097007465224,Suvin,298.7756829345497
3.967633382129561,16.52948644377183,30.30097007465224,Muslin,258.7253950788108
4.213384517950566,35.904989497084614,32.67937425009757,Suvin,0.25693552356079186
4.213384517950566,35.904989497084614,32.67937425009757,Muslin,0.8936710463676808
4.247856524528975,18.27374930104401,32.523991544146114,Suvin,11.860020297076144
4.247856524528975,18.27374930104401,32.523991544146114,Muslin,12.150356702643508
5.623435064152281,43.34317791463278,32.89331338352465,Suvin,0.17307893486886777
5.623435064152281,43.34317791463278,32.89331338352465,Muslin,0.30243140953629455
7.084974140767474,30.31373550625594,33.29649442894194,Suvin,0.040785101342777144
7.084974140767474,30.31373550625594,33.29649442894194,Muslin,0.15689784190422718
4.672038693461212,17.694106069799204,31.01584979753784,Suvin,7.284974358405436
4.672038693461212,17.694106069799204,31.01584979753784,Muslin,11.092298560022114
2.301049661916627,17.554273845737658,29.79282578918977,Suvin,187.92757574812885
2.301049661916627,17.554273845737658,29.79282578918977,Muslin,250.04955166156208
6.382835928128654,22.13796690347379,32.10576763714064,Suvin,1.2883670122380484
6.382835928128654,22.13796690347379,32.10576763714064,Muslin,1.5251745293028305
4.084688356398309,19.856276370448782,31.988414456700127,Suvin,2.033416296267135
4.084688356398309,19.856276370448782,31.988414456700127,Muslin,6.20843920857789
3.7816742496580917,17.03949752028347,29.361120022432992,Suvin,15.482918651456
3.7816742496580917,17.03949752028347,29.361120022432992,Muslin,44.215045348107964
4.412473402173509,17.723454862717702,31.49384998597891,Suvin,1.0597361356357298
4.412473402173509,17.723454862717702,31.49384998597891,Muslin,3.5965114670299485
3.4860095685856716,12.841241355192674,31.457875327270084,Suvin,53.9828524540073
3.4860095685856716,12.841241355192674,31.457875327270084,Muslin,44.79196663797862
4.308548847405836,18.24192056321295,30.19777641673082,Suvin,49.68090682108855
4.308548847405836,18.24192056321295,30.19777641673082,Muslin,89.3568308318393
7.319055466234375,35.89629158109316,33.71636463751276,Suvin,0.021643793146424072
7.319055466234375,35.89629158109316,33.71636463751276,Muslin,0.05668208661180278
4.875733541662088,21.717309938657667,32.46682143745655,Suvin,0.31054638535346024
4.875733541662088,21.717309938657667,32.46682143745655,Muslin,0.48924278394123927
10.670735871892411,34.080745685937245,31.305887423020014,Suvin,1.3561967345296913
10.670735871892411,34.080745685937245,31.305887423020014,Muslin,2.34287683407727
4.343494404961368,13.846160230302726,31.11381194562288,Suvin,5.088808318878764
4.343494404961368,13.846160230302726,31.11381194562288,Muslin,7.769522910393586
3.8665285933362896,15.869890299675188,30.69261186477474,Suvin,16.563257931007882
3.8665285933362896,15.869890299675188,30.69261186477474,Muslin,23.302177411737933
5.509907476632743,17.141118220117114,30.714373950789874,Suvin,9.975196989614515
5.509907476632743,17.141118220117114,30.714373950789874,Muslin,15.536890332280603
5.288413321783344,20.59874686818369,33.46028951253587,Suvin,0.2745630213966598
5.288413321783344,20.59874686818369,33.46028951253587,Muslin,0.41038209321722
2.6399184943111553,28.615731582854924,32.674191053224334,Suvin,0.7955152059430406
2.6399184943111553,28.615731582854924,32.674191053224334,Muslin,1.2725123923231707
4.913720512319742,22.828123575544463,32.633186765337555,Suvin,0.6481007788678951
4.913720512319742,22.828123575544463,32.633186765337555,Muslin,1.1218885425777374
4.612334588205579,15.845477276319693,31.726743870103306,Suvin,15.063192807077282
4.612334588205579,15.845477276319693,31.726743870103306,Muslin,14.850092927994904
2.769946239504411,18.900412741377455,32.66469099001952,Suvin,6.1956943793568495
2.769946239504411,18.900412741377455,32.66469099001952,Muslin,5.47170051857691
3.8089660948333033,12.574535535162637,31.67402018003947,Suvin,23.121021146962573
3.8089660948333033,12.574535535162637,31.67402018003947,Muslin,24.056867393231563
4.534381052712878,15.510945435522524,32.50172332532659,Suvin,3.483034760695402
4.534381052712878,15.510945435522524,32.50172332532659,Muslin,4.25290874839666
6.3443461419360565,26.960298943234648,31.792979569733028,Suvin,0.7752031486561968
6.3443461419360565,26.960298943234648,31.792979569733028,Muslin,1.8174987420986701
4.2746557498416715,16.747914237963574,31.145646197641486,Suvin,7.542123852247556
4.2746557498416715,16.747914237963574,31.145646197641486,Muslin,17.45243787989596
7.120647497705208,31.752676286161158,31.054883006166317,Suvin,0.2745985655947678
7.120647497705208,31.752676286161158,31.054883006166317,Muslin,1.0180553007681583
5.523044500133807,18.59550220506524,32.669386062668806,Suvin,14.20761957221328
5.523044500133807,18.59550220506524,32.669386062668806,Muslin,9.407198226092415
4.157212306740961,19.53606372744867,31.683190613314203,Suvin,1.0362775251627192
4.157212306740961,19.53606372744867,31.683190613314203,Muslin,1.69225734335689
6.660258285136037,23.93373282192114,32.46317663708101,Suvin,0.07731483841922224
6.660258285136037,23.93373282192114,32.46317663708101,Muslin,0.18682630497697078
5.042081168387985,20.241800484955547,31.99399885252125,Suvin,0.3848299099050022
5.042081168387985,20.241800484955547,31.99399885252125,Muslin,0.8965729160549171
6.425720913385453,18.783973211920483,31.501735736802267,Suvin,17.886903862653458
6.425720913385453,18.783973211920483,31.501735736802267,Muslin,29.45939108150164
6.50378666198838,34.08790915497445,32.68530977362969,Suvin,0.07577687208994106
6.50378666198838,34.08790915497445,32.68530977362969,Muslin,0.15687069159699984
6.315697782202837,23.729758862404044,30.545875774423713,Suvin,2.0418339738826243
6.315697782202837,23.729758862404044,30.545875774423713,Muslin,4.412605459091248
3.500539095595189,15.974142622211467,31.869192378202275,Suvin,13.927052765422859
3.500539095595189,15.974142622211467,31.869192378202275,Muslin,14.327916600770509
5.539946800731101,30.06899114637559,32.063223728616634,Suvin,0.06268180170853101
5.539946800731101,30.06899114637559,32.063223728616634,Muslin,0.21526375300129102
5.1974736129797,19.86546362491019,31.700048220254818,Suvin,3.4878155650679035
5.1974736129797,19.86546362491019,31.700048220254818,Muslin,6.98465543452991
5.703023859096094,30.29660008460239,32.52320608965025,Suvin,0.4998194311116425
5.703023859096094,30.29660008460239,32.52320608965025,Muslin,1.365094218749975
4.491334963930373,16.62187300751205,31.639039231253946,Suvin,46.55720167584679
4.491334963930373,16.62187300751205,31.639039231253946,Muslin,37.65329569317292
10.843804778286183,47.12085390867328,31.071619855420213,Suvin,0.7783990312658106
10.843804778286183,47.12085390867328,31.071619855420213,Muslin,1.5155900904382231
5.379818602081171,30.11807773103827,32.717788792936474,Suvin,2.841025321118039
5.379818602081171,30.11807773103827,32.717788792936474,Muslin,6.9499623794256795
7.6443282360638545,26.396920746753725,31.916172541534227,Suvin,11.380263248356513
7.6443282360638545,26.396920746753725,31.916172541534227,Muslin,7.829364874797635
5.72248284481924,13.666711726804744,32.51247008276869,Suvin,1.7900066688862606
5.72248284481924,13.666711726804744,32.51247008276869,Muslin,1.4030651619947467
3.439333749132536,20.30945907106245,32.18946375811799,Suvin,10.406872973788095
3.439333749132536,20.30945907106245,32.18946375811799,Muslin,14.90086855295691
3.8696172144109586,17.179115472411226,32.26619343219121,Suvin,1.3569977047760886
3.8696172144109586,17.179115472411226,32.26619343219121,Muslin,3.432703651546395
4.367513897589601,18.330598266550506,30.02707223454361,Suvin,11.064328117115418
4.367513897589601,18.330598266550506,30.02707223454361,Muslin,21.911863270893484
6.898361045551294,22.827843074346845,32.45128934783602,Suvin,1.4356345791243483
6.898361045551294,22.827843074346845,32.45128934783602,Muslin,2.3021257822142926
4.819326597046296,12.602944437694333,32.391254993979835,Suvin,11.02778914855938
4.819326597046296,12.602944437694333,32.391254993979835,Muslin,10.719400078416626
6.137680203739466,21.747170786638186,32.56962469291146,Suvin,0.2787034907875136
6.137680203739466,21.747170786638186,32.56962469291146,Muslin,0.995305818490153
4.056317572989959,15.565927408974124,32.004271540224735,Suvin,3.9613361008687513
4.056317572989959,15.565927408974124,32.004271540224735,Muslin,5.768358025157759
3.7956945440754954,20.724290771127805,32.98313368160839,Suvin,3.048742420976249
3.7956945440754954,20.724290771127805,32.98313368160839,Muslin,5.084635721388306
5.494384264699363,19.983358888637948,31.335126358568637,Suvin,15.466714089036612
5.494384264699363,19.983358888637948,31.335126358568637,Muslin,23.35643804722801
4.772229740071364,15.828351717704424,31.644150445139896,Suvin,51.27223751740284
4.772229740071364,15.828351717704424,31.644150445139896,Muslin,41.6438996864674
3.9052343351168757,16.894031696501983,31.40584227923117,Suvin,107.17627595230172
3.9052343351168757,16.894031696501983,31.40584227923117,Muslin,97.95945165221711
4.564821540182106,18.093323805588906,31.144960862915195,Suvin,1.3885784116318782
4.564821540182106,18.093323805588906,31.144960862915195,Muslin,2.6404235242978076
4.258750069072887,10.92965284379718,32.04777795952483,Suvin,87.30297364490518
4.258750069072887,10.92965284379718,32.04777795952483,Muslin,58.64579444750584
4.646885751582937,16.30139362496094,31.94908994394635,Suvin,25.789591082046996
4.646885751582937,16.30139362496094,31.94908994394635,Muslin,21.42909794908785
2.5776176804378306,21.618252884019277,32.327003339955255,Suvin,0.4796335661803081
2.5776176804378306,21.618252884019277,32.327003339955255,Muslin,1.661632262992732
7.909560788441226,29.039492958403635,32.126804112629884,Suvin,0.18196030146882267
7.909560788441226,29.039492958403635,32.126804112629884,Muslin,0.23287374847410802
4.35735910412322,21.44304928252473,34.168258183307735,Suvin,0.1504354977196956
4.35735910412322,21.44304928252473,34.168258183307735,Muslin,0.3335602093639367
4.429022149228363,13.955205982347653,31.59178130000307,Suvin,16.363147856085007
4.429022149228363,13.955205982347653,31.59178130000307,Muslin,21.289024453446913
5.148764271708258,18.742696533152913,32.782295923019454,Suvin,1.6077998275450098
5.148764271708258,18.742696533152913,32.782295923019454,Muslin,2.5001789828686563
4.61644538228822,27.398394314838885,31.20422695384735,Suvin,0.22493453759202808
4.61644538228822,27.398394314838885,31.20422695384735,Muslin,1.2656685154871397
4.317408326819902,23.34891505240752,30.627954651438003,Suvin,31.963995932055074
4.317408326819902,23.34891505240752,30.627954651438003,Muslin,40.964675729021295
4.914239260040237,29.714816098304425,30.36629382071221,Suvin,1.4076687533502878
4.914239260040237,29.714816098304425,30.36629382071221,Muslin,3.2584642617885273
5.88840678301797,27.130593645469588,32.17054145123776,Suvin,0.35244969685790306
5.88840678301797,27.130593645469588,32.17054145123776,Muslin,0.7766825246875706
4.9386571172187805,32.27478369820373,31.58188139034975,Suvin,0.8009793280731479
4.9386571172187805,32.27478369820373,31.58188139034975,Muslin,2.150864788013068
4.227496493922043,14.066276641812713,32.20132247442036,Suvin,2.845499992645227
4.227496493922043,14.066276641812713,32.20132247442036,Muslin,2.8604276464360856
2.9139491175593073,25.616961274011977,32.57473210303322,Suvin,0.3189121029020152
2.9139491175593073,25.616961274011977,32.57473210303322,Muslin,1.2277769809082795
3.274968949032663,12.22983770833117,33.32365288765978,Suvin,4.453166648886583
3.274968949032663,12.22983770833117,33.32365288765978,Muslin,3.740242715873004
5.153401747626621,12.334199548247827,30.51312791662004,Suvin,62.595384701142585
5.153401747626621,12.334199548247827,30.51312791662004,Muslin,51.22067946504248
5.761326489339569,19.831281295291408,32.747856005835345,Suvin,3.752111486920747
5.761326489339569,19.831281295291408,32.747856005835345,Muslin,3.47313125031175
5.066091551392969,21.099516638607177,31.652480709917025,Suvin,0.20303766822394928
5.066091551392969,21.099516638607177,31.652480709917025,Muslin,0.7034540107120597
7.292327943500918,31.74407087260219,32.06308552437021,Suvin,1.003228602264938
7.292327943500918,31.74407087260219,32.06308552437021,Muslin,1.544980569317473
2.621573925984263,12.007021135849227,32.895077413668524,Suvin,17.20599443209
2.621573925984263,12.007021135849227,32.895077413668524,Muslin,13.880260729228343
3.5103299050096766,18.629431015062636,32.45001423259186,Suvin,3.4925547062768465
3.5103299050096766,18.629431015062636,32.45001423259186,Muslin,7.542390827607121
3.4199682040092787,14.796862735658769,31.81091373904726,Suvin,5.886928061489244
3.4199682040092787,14.796862735658769,31.81091373904726,Muslin,8.627865380912402
4.973717980783622,22.46256940340385,30.868916450178645,Suvin,6.580703026702122
4.973717980783622,22.46256940340385,30.868916450178645,Muslin,17.726479149452274
4.528419536799984,20.459584883501567,33.579365384030105,Suvin,0.5335811751598504
4.528419536799984,20.459584883501567,33.579365384030105,Muslin,0.42690504866731954
4.406668642312835,25.623809383430157,32.25103943973727,Suvin,5.038209142541275
4.406668642312835,25.623809383430157,32.25103943973727,Muslin,7.822234313168358
3.3325820230691505,16.353451936937738,29.8495530713325,Suvin,218.0383347676258
3.3325820230691505,16.353451936937738,29.8495530713325,Muslin,202.14987960723397
4.4609826437684985,17.158646947400474,31.35483353584407,Suvin,0.8232392060584796
4.4609826437684985,17.158646947400474,31.35483353584407,Muslin,1.6312422606717172
3.261133581428711,18.109915003223513,31.152571326285376,Suvin,18.40376808632806
3.261133581428711,18.109915003223513,31.152571326285376,Muslin,35.939973590211345
5.9796728575854985,20.93987605119568,31.571394409813546,Suvin,0.21507565466405
5.9796728575854985,20.93987605119568,31.571394409813546,Muslin,0.6634457948503393
5.609395910262427,31.815797927690042,31.668636833372013,Suvin,0.20065458936170869
5.609395910262427,31.815797927690042,31.668636833372013,Muslin,0.4194065521348065
3.8398728316803172,14.629838882256275,30.88339522227255,Suvin,45.155865444751825
3.8398728316803172,14.629838882256275,30.88339522227255,Muslin,49.84636058339906
6.097087757098938,17.171155698593935,32.57193975339118,Suvin,4.046191549556266
6.097087757098938,17.171155698593935,32.57193975339118,Muslin,2.963673583933246
5.732915999686452,19.14230530470538,34.269624482867435,Suvin,0.7998056702650037
5.732915999686452,19.14230530470538,34.269624482867435,Muslin,0.6740833991378035
6.503681127503664,25.920129405529046,31.12866335307472,Suvin,1.236047372689021
6.503681127503664,25.920129405529046,31.12866335307472,Muslin,1.4461593057464561
3.9462463750685983,24.01066703546552,31.163733021264594,Suvin,13.001371774890057
3.9462463750685983,24.01066703546552,31.163733021264594,Muslin,35.97776134444793
5.671564819071349,18.134443979338144,30.964904055713863,Suvin,2.259515297660953
5.671564819071349,18.134443979338144,30.964904055713863,Muslin,3.3556089159889337
5.235079958583793,16.689084238320056,29.81902279167514,Suvin,31.060509318965035
5.235079958583793,16.689084238320056,29.81902279167514,Muslin,41.96155455577148
5.068869721314472,16.924698803367416,31.96865553228367,Suvin,1.578580864081949
5.068869721314472,16.924698803367416,31.96865553228367,Muslin,3.5949600930012178
4.809787117106919,18.49080425981156,32.07793293371178,Suvin,2.9874263864225514
4.809787117106919,18.49080425981156,32.07793293371178,Muslin,4.3770008149530435
5.77515816450146,20.397263812426527,31.534507445864953,Suvin,6.349732699479519
5.77515816450146,20.397263812426527,31.534507445864953,Muslin,7.2747905453736745
5.203385782852875,19.92057406652039,33.32941313433327,Suvin,2.4541190320903854
5.203385782852875,19.92057406652039,33.32941313433327,Muslin,2.685417546868976
4.9973723340848055,23.955923863548804,32.40602263349727,Suvin,3.1779854553537463
4.9973723340848055,23.955923863548804,32.40602263349727,Muslin,4.569048774519508
2.5982342607458473,22.549264158811713,30.957620111956658,Suvin,16.988786248859462
2.5982342607458473,22.549264158811713,30.957620111956658,Muslin,20.710578246975967
4.398173335606685,31.990306951853633,33.06437021758539,Suvin,2.077875865197594
4.398173335606685,31.990306951853633,33.06437021758539,Muslin,2.7191455680636154
5.53614406242235,23.33123312528621,32.41889087052392,Suvin,1.3848860412027564
5.53614406242235,23.33123312528621,32.41889087052392,Muslin,1.7983558442412588
2.861662405300506,17.42049977638798,32.0617294545703,Suvin,84.65134271472746
2.861662405300506,17.42049977638798,32.0617294545703,Muslin,81.35188265988091
5.193440821429172,28.35606543408768,31.106420896787064,Suvin,5.335413327938982
5.193440821429172,28.35606543408768,31.106420896787064,Muslin,14.011073665188167
3.689550728508785,16.96068436045356,31.571256447331862,Suvin,8.468534586382251
3.689550728508785,16.96068436045356,31.571256447331862,Muslin,13.862282761258076
3.6171914225199013,17.168613222727636,32.15503943419489,Suvin,28.33744878159441
3.6171914225199013,17.168613222727636,32.15503943419489,Muslin,28.608889349667123
3.222505103362713,10.533315798495842,32.38833121277638,Suvin,7.377675181635059
3.222505103362713,10.533315798495842,32.38833121277638,Muslin,6.774926575304077
6.060265995764949,28.075610651790086,31.536717365149304,Suvin,10.12139741292494
6.060265995764949,28.075610651790086,31.536717365149304,Muslin,11.929425819163168
3.027812684476433,14.095083417084158,32.313805574693845,Suvin,6.924459918890941
3.027812684476433,14.095083417084158,32.313805574693845,Muslin,6.61208920125214
6.879323951049257,23.991117990418918,31.42171661798507,Suvin,4.908860015787986
6.879323951049257,23.991117990418918,31.42171661798507,Muslin,5.775757269520398
2.411107225477302,21.062884936672084,31.8301268250657,Suvin,1.9253934229628442
2.411107225477302,21.062884936672084,31.8301268250657,Muslin,4.798918187633015
3.2732162880920996,12.682061106211307,31.83294896216758,Suvin,58.10551743733152
3.2732162880920996,12.682061106211307,31.83294896216758,Muslin,50.23735604222196
4.804803428088738,24.66921691289354,32.02798272436555,Suvin,3.114153428921301
4.804803428088738,24.66921691289354,32.02798272436555,Muslin,6.079865704548222
3.414704842629902,50.0,31.306850236488064,Suvin,0.5342194836940122
3.414704842629902,50.0,31.306850236488064,Muslin,2.400909113300635
6.078449724393277,25.938820550821177,31.57262814784064,Suvin,4.767281718012273
6.078449724393277,25.938820550821177,31.57262814784064,Muslin,9.124390128350477
3.1257938963236436,15.071689035659805,33.0026296432182,Suvin,15.44229646665878
3.1257938963236436,15.071689035659805,33.0026296432182,Muslin,16.37334725402797
4.584793945176844,13.834742421583826,32.99103836982063,Suvin,6.038095833210296
4.584793945176844,13.834742421583826,32.99103836982063,Muslin,10.396104905228086
7.954074671092749,33.52962484956138,33.56502571371205,Suvin,0.07031762413018702
7.954074671092749,33.52962484956138,33.56502571371205,Muslin,0.16477540692689424
7.49063443366512,27.874458899647365,32.45179726371734,Suvin,0.031990788819167094
7.49063443366512,27.874458899647365,32.45179726371734,Muslin,0.17654458434332268
3.940350490481707,12.706051392179326,33.022867574219866,Suvin,8.007844508054388
3.940350490481707,12.706051392179326,33.022867574219866,Muslin,6.327601419550249
3.2844548123439674,23.545693929861944,32.04497335662276,Suvin,1.6902409590952854
3.2844548123439674,23.545693929861944,32.04497335662276,Muslin,9.434482012246233
4.80809326319711,26.70859730237604,31.678445438397958,Suvin,2.685240220017668
4.80809326319711,26.70859730237604,31.678445438397958,Muslin,6.388364638277368
4.736475195854264,15.387549819403315,32.070281246416144,Suvin,14.27309231983995
4.736475195854264,15.387549819403315,32.070281246416144,Muslin,14.86509918936471
5.408341311245246,24.628935383303105,32.139602942291816,Suvin,2.2587441757114126
5.408341311245246,24.628935383303105,32.139602942291816,Muslin,4.2987042149845225
6.136490379085589,31.836127975227352,30.342527999940117,Suvin,0.8127923198075171
6.136490379085589,31.836127975227352,30.342527999940117,Muslin,2.907886684313672
3.88962157998918,16.503608093819775,32.0666440667098,Suvin,4.061785277821133
3.88962157998918,16.503608093819775,32.0666440667098,Muslin,8.028361200846716
3.9057464914957865,15.85441789664738,32.69007588459477,Suvin,14.69691967640822
3.9057464914957865,15.85441789664738,32.69007588459477,Muslin,14.568749105119442
3.0188211273190495,13.61535959203192,32.01438463088064,Suvin,15.439496485233832
3.0188211273190495,13.61535959203192,32.01438463088064,Muslin,17.40645807761075
8.774888438287892,29.362239649475686,30.64329440179976,Suvin,0.9823460593624689
8.774888438287892,29.362239649475686,30.64329440179976,Muslin,3.2666166183985474
4.119246890765313,35.8663429001104,31.475815316424896,Suvin,1.2587775954990654
4.119246890765313,35.8663429001104,31.475815316424896,Muslin,3.0492550610582674
5.81093886603802,24.400950669603173,30.419126204732514,Suvin,4.047850297321522
5.81093886603802,24.400950669603173,30.419126204732514,Muslin,7.407308766399239
4.382131454331318,25.639422299755697,32.515806106878976,Suvin,5.970725600384505
4.382131454331318,25.639422299755697,32.515806106878976,Muslin,5.686410238242113
4.6888296091817185,26.872682719217522,33.708844598388914,Suvin,0.007366124893977996
4.6888296091817185,26.872682719217522,33.708844598388914,Muslin,0.02333242659622735
4.300916623559788,17.824663203812513,32.2304680331573,Suvin,13.662589561424204
4.300916623559788,17.824663203812513,32.2304680331573,Muslin,16.685721335490037
3.956199150444273,32.37898803772132,31.45925428080052,Suvin,9.2115373861913
3.956199150444273,32.37898803772132,31.45925428080052,Muslin,26.16545337187902
3.7083319915390494,14.45006813515864,31.1105403633967,Suvin,8.991460797757176
3.7083319915390494,14.45006813515864,31.1105403633967,Muslin,18.73674475710189
4.588192526997839,14.823166914561495,32.65556609755765,Suvin,7.087456231225289
4.588192526997839,14.823166914561495,32.65556609755765,Muslin,9.191514628188251
3.88005424318432,23.359848417319196,32.97665904496326,Suvin,1.102471653806677
3.88005424318432,23.359848417319196,32.97665904496326,Muslin,1.900045586324317
4.299086341104944,22.598135700056833,32.580006381817924,Suvin,2.4626731055365427
4.299086341104944,22.598135700056833,32.580006381817924,Muslin,4.254674050541697
6.084963962103684,18.467426902856516,30.977111276683143,Suvin,1.2072674872315137
6.084963962103684,18.467426902856516,30.977111276683143,Muslin,1.0720460855722163
5.51639797385295,22.93692475374236,31.02336240963539,Suvin,18.845918885767848
5.51639797385295,22.93692475374236,31.02336240963539,Muslin,21.734533897752435
4.393423929297612,26.702190373085543,31.943792047569243,Suvin,1.3336644111304476
4.393423929297612,26.702190373085543,31.943792047569243,Muslin,3.795767603253304
3.63844700045931,19.05862187096275,31.396003813863878,Suvin,7.3179080894557575
3.63844700045931,19.05862187096275,31.396003813863878,Muslin,15.425228057534504
4.142256613546335,16.56618382023684,31.172262173634643,Suvin,26.36949735836348
4.142256613546335,16.56618382023684,31.172262173634643,Muslin,32.431231330705785
4.76455936324341,26.847488145129315,32.86436560098124,Suvin,1.0065881646773471
4.76455936324341,26.847488145129315,32.86436560098124,Muslin,1.4964845515812888
4.066700569683931,18.553872321869328,32.64605901320314,Suvin,0.9985763908611863
4.066700569683931,18.553872321869328,32.64605901320314,Muslin,2.663052802088991
5.298174996350425,22.33918685574568,31.626864863803227,Suvin,2.8586526330738966
5.298174996350425,22.33918685574568,31.626864863803227,Muslin,4.474035487875062
3.2241413243298407,18.760788723833745,31.43234860690384,Suvin,4.298718778410868
3.2241413243298407,18.760788723833745,31.43234860690384,Muslin,8.147893286925108
4.19087972100268,25.92406374059384,32.739576091072394,Suvin,0.9767756038867295
4.19087972100268,25.92406374059384,32.739576091072394,Muslin,2.4444088340555914
3.572654100812618,18.481468400135658,31.62642467994487,Suvin,20.905311091717778
3.572654100812618,18.481468400135658,31.62642467994487,Muslin,20.27055448516553
3.856222969075465,21.29243492423966,33.468521350909285,Suvin,0.29527579998363723
3.856222969075465,21.29243492423966,33.468521350909285,Muslin,0.42353994828665514
3.032373934943557,21.44976999523751,30.86018237748517,Suvin,1.7083578752339932
3.032373934943557,21.44976999523751,30.86018237748517,Muslin,5.692608271530498
6.997584137679501,20.74869052716902,32.88194735269397,Suvin,0.36994377678011586
6.997584137679501,20.74869052716902,32.88194735269397,Muslin,0.5816868749197311
5.5872477706368615,16.841876513388634,32.500926779628614,Suvin,0.9258123818351863
5.5872477706368615,16.841876513388634,32.500926779628614,Muslin,1.6445687694414635
4.906921619830383,17.835231296403794,31.273276630212855,Suvin,34.7372016611495
4.906921619830383,17.835231296403794,31.273276630212855,Muslin,24.28785080338228
4.1674761998556,15.353306595616973,31.912182100456114,Suvin,3.0102234023311834
4.1674761998556,15.353306595616973,31.912182100456114,Muslin,3.8383780157390284
3.226074739353934,10.669313215998102,31.63200688556095,Suvin,23.69577495662822
3.226074739353934,10.669313215998102,31.63200688556095,Muslin,19.6975779342621
5.163152875406067,50.0,32.933495653522044,Suvin,0.03333343086441758
5.163152875406067,50.0,32.933495653522044,Muslin,0.19091425915525048
4.8339855196364665,20.050763295366234,30.972825197658743,Suvin,4.743231384478408
4.8339855196364665,20.050763295366234,30.972825197658743,Muslin,8.738444026659721
3.9625809672124115,18.182868386404508,31.707373581580896,Suvin,14.066760519739873
3.9625809672124115,18.182868386404508,31.707373581580896,Muslin,26.121395741254464
9.172074140748098,40.00617088648322,32.17137431356859,Suvin,4.722186383324165
9.172074140748098,40.00617088648322,32.17137431356859,Muslin,3.298914609492544
2.5579613768410754,18.906496475094112,32.26431112414668,Suvin,4.222904970833392
2.5579613768410754,18.906496475094112,32.26431112414668,Muslin,8.57943230578823
3.071058521997618,29.208869293691233,30.38781547643985,Suvin,5.694528614781053
3.071058521997618,29.208869293691233,30.38781547643985,Muslin,11.742802979384239
2.8110289943696802,16.438188860289603,30.633890459975206,Suvin,138.7678069651899
2.8110289943696802,16.438188860289603,30.633890459975206,Muslin,165.11562244998018
5.761582853116327,19.41614739970776,29.969241746160986,Suvin,1.179224059334166
5.761582853116327,19.41614739970776,29.969241746160986,Muslin,2.3295129095270197
5.249521078964027,33.585899541169965,32.96651303614382,Suvin,0.4199611354243992
5.249521078964027,33.585899541169965,32.96651303614382,Muslin,0.5138576729201983
5.717628748923094,22.058011101218145,30.820915155713458,Suvin,24.440787079931507
5.717628748923094,22.058011101218145,30.820915155713458,Muslin,23.271062147424384
5.958153436378429,19.605325395937545,31.89241208267223,Suvin,0.6889728321517534
5.958153436378429,19.605325395937545,31.89241208267223,Muslin,1.7141664793657496
4.585294752433926,18.834427415919293,33.026395160823384,Suvin,0.30523553762982475
4.585294752433926,18.834427415919293,33.026395160823384,Muslin,0.35289291708073317
5.161518326615599,32.17333651150043,33.42385402788469,Suvin,0.29131052408543706
5.161518326615599,32.17333651150043,33.42385402788469,Muslin,0.6370382372270605
7.85497899028831,34.33913223743875,30.87362313387907,Suvin,1.8156570039017583
7.85497899028831,34.33913223743875,30.87362313387907,Muslin,2.454753785927988
5.862296724348321,28.569336518296446,31.152853055844883,Suvin,0.21831327992414878
5.862296724348321,28.569336518296446,31.152853055844883,Muslin,1.0429698347906475
4.638227421348044,24.554158829539393,31.92517629867529,Suvin,7.516898152545147
4.638227421348044,24.554158829539393,31.92517629867529,Muslin,6.9348033707158825
3.8404124156374277,17.58249653988251,31.76802527714106,Suvin,27.458760432999455
3.8404124156374277,17.58249653988251,31.76802527714106,Muslin,40.59206665552846
3.943566962556557,10.769101222212159,33.29650805541596,Suvin,17.891985142852487
3.943566962556557,10.769101222212159,33.29650805541596,Muslin,10.735191085711493
3.0154864432993835,14.682948466489934,31.77062116285275,Suvin,32.84695672188945
3.0154864432993835,14.682948466489934,31.77062116285275,Muslin,41.361114172059494
4.801186902769458,11.925699024014722,32.352224240183624,Suvin,50.429905984648315
4.801186902769458,11.925699024014722,32.352224240183624,Muslin,36.91976345567319
4.5779255865886475,17.83064935221707,33.099340325081734,Suvin,0.802438957935866
4.5779255865886475,17.83064935221707,33.099340325081734,Muslin,1.0222432302019022
3.991833419437916,24.81915393157635,33.28095505233714,Suvin,0.2725690005853518
3.991833419437916,24.81915393157635,33.28095505233714,Muslin,0.7710155744563737
6.570910944361161,21.427373479468827,30.86464512896646,Suvin,0.5323005909794455
6.570910944361161,21.427373479468827,30.86464512896646,Muslin,0.8317427604677229
5.602639612030908,17.530875622375596,32.68312584418722,Suvin,15.487135438735677
5.602639612030908,17.530875622375596,32.68312584418722,Muslin,11.065580928000177
8.132506448329035,28.71691977877173,33.27849557156874,Suvin,0.11935363560914432
8.132506448329035,28.71691977877173,33.27849557156874,Muslin,0.21771532279870442
5.175489320043394,38.6181111561439,31.614549471647035,Suvin,0.3723937376286499
5.175489320043394,38.6181111561439,31.614549471647035,Muslin,1.1250949111966062
6.003686755642296,20.41196968661916,31.138384210056007,Suvin,1.4477724513771566
6.003686755642296,20.41196968661916,31.138384210056007,Muslin,3.0428847491941804
3.812374396991954,19.879209880863772,32.069921534316734,Suvin,0.7755418243172794
3.812374396991954,19.879209880863772,32.069921534316734,Muslin,1.958889445307889
5.824770346886552,25.345605792184113,31.513198191309677,Suvin,34.12186704435381
5.824770346886552,25.345605792184113,31.513198191309677,Muslin,26.90108752261673
4.308175952721331,12.75709458819996,31.959005214838772,Suvin,18.662598757267
4.308175952721331,12.75709458819996,31.959005214838772,Muslin,15.314578337761583
2.9962639560058535,14.956542863496779,32.638732211633844,Suvin,7.199821224549873
2.9962639560058535,14.956542863496779,32.638732211633844,Muslin,7.321104111437551
4.816748799721385,21.721165783242547,32.44955041759419,Suvin,0.552502451970839
4.816748799721385,21.721165783242547,32.44955041759419,Muslin,0.9652477528262506
10.775032669378408,39.93987484620993,32.065823486431746,Suvin,0.19089679584099017
10.775032669378408,39.93987484620993,32.065823486431746,Muslin,0.5165675188677494
2.8317617852870214,13.762066361862727,33.24375089964961,Suvin,25.288679194890715
2.8317617852870214,13.762066361862727,33.24375089964961,Muslin,40.21305515986487
4.316285555506292,12.817093431359652,32.570457111306425,Suvin,5.693152866150795
4.316285555506292,12.817093431359652,32.570457111306425,Muslin,5.63225258927585
4.423674507098152,20.791142058485026,31.121399815037073,Suvin,4.501839872837812
4.423674507098152,20.791142058485026,31.121399815037073,Muslin,5.458668276473716
3.2820864293135594,20.83037308986152,32.13412389138638,Suvin,1.255747641475961
3.2820864293135594,20.83037308986152,32.13412389138638,Muslin,2.961451476393974
3.542856476661639,28.487238721910515,31.179235741104456,Suvin,3.297069325602846
3.542856476661639,28.487238721910515,31.179235741104456,Muslin,13.101213357714286
2.926617788020614,25.920426641896015,33.4971003408234,Suvin,0.06946656039057343
2.926617788020614,25.920426641896015,33.4971003408234,Muslin,0.15187245659131018
4.657537768051395,11.39267181563417,31.846099942726347,Suvin,51.56753341143838
4.657537768051395,11.39267181563417,31.846099942726347,Muslin,38.532047571119406
3.4206989827245784,18.36705269290633,32.535234116820504,Suvin,38.707108098303145
3.4206989827245784,18.36705269290633,32.535234116820504,Muslin,38.75562223291157
7.481131754592353,28.727198945985624,32.0462263453295,Suvin,0.14156828832706564
7.481131754592353,28.727198945985624,32.0462263453295,Muslin,0.3415556544470891
5.675004928470425,17.184197022701266,30.92278224154564,Suvin,1.4716459558313257
5.675004928470425,17.184197022701266,30.92278224154564,Muslin,2.3266684005698313
4.767127966386216,16.0477314746524,33.87017618107665,Suvin,0.09579431689618169
4.767127966386216,16.0477314746524,33.87017618107665,Muslin,0.19789568189524379
7.673053083416814,25.354434098699976,30.973465745998404,Suvin,4.934865893501632
7.673053083416814,25.354434098699976,30.973465745998404,Muslin,9.73067015301378
4.068488678095905,18.24926059429366,30.861144879232672,Suvin,0.6962053856812318
4.068488678095905,18.24926059429366,30.861144879232672,Muslin,1.2302279062013366
5.1806350417563465,20.105455551178217,31.85815683434531,Suvin,1.009101351933291
5.1806350417563465,20.105455551178217,31.85815683434531,Muslin,1.8378322860917582
4.060654155014011,13.344369418530452,33.82296994671729,Suvin,0.5566992424309825
4.060654155014011,13.344369418530452,33.82296994671729,Muslin,0.665816765333059
6.734715016539728,22.256883620302432,31.86420902567896,Suvin,0.5517743499134661
6.734715016539728,22.256883620302432,31.86420902567896,Muslin,1.4189005310728355
5.500489085721852,14.217666891462779,32.598045884714494,Suvin,1.9336580630815658
5.500489085721852,14.217666891462779,32.598045884714494,Muslin,2.4339236197735943
4.544775932567104,26.9028987296272,32.56222211229873,Suvin,0.4599011171125945
4.544775932567104,26.9028987296272,32.56222211229873,Muslin,1.3822010288694886
5.607662865790949,22.362498994395498,32.45832263441721,Suvin,1.6365344596072402
5.607662865790949,22.362498994395498,32.45832263441721,Muslin,1.3084093588914378
5.07993626238851,27.49479981510222,31.30876891296807,Suvin,2.6942256524352204
5.07993626238851,27.49479981510222,31.30876891296807,Muslin,5.401788906085706
5.032439908898153,28.86649469043889,32.980410313578105,Suvin,1.3382547116611319
5.032439908898153,28.86649469043889,32.980410313578105,Muslin,1.5763935600551362
5.452069682550531,22.169978644905996,32.40311285008666,Suvin,1.2554106963832037
5.452069682550531,22.169978644905996,32.40311285008666,Muslin,3.028026195905692
4.469443938160061,25.685089434615726,31.834483422442172,Suvin,6.294458129787009
4.469443938160061,25.685089434615726,31.834483422442172,Muslin,8.171934152267259
4.406295739909397,16.375006587232377,31.69670626451143,Suvin,14.717999988015912
4.406295739909397,16.375006587232377,31.69670626451143,Muslin,11.238682563129657
4.563310890869376,29.835428755115373,31.309380092326116,Suvin,9.054754443009648
4.563310890869376,29.835428755115373,31.309380092326116,Muslin,9.123587751880482
4.799153305834171,18.803996850301292,34.45165970189695,Suvin,0.217554107183503
4.799153305834171,18.803996850301292,34.45165970189695,Muslin,0.17299825745707853
3.874160108380343,13.139401293892051,31.733637427504444,Suvin,43.7674981427924
3.874160108380343,13.139401293892051,31.733637427504444,Muslin,52.90052429229832
4.899095328345422,23.7596385481017,31.456733342594074,Suvin,5.517120466024073
4.899095328345422,23.7596385481017,31.456733342594074,Muslin,8.041903804835309
4.249545176379484,11.569742900493985,33.311543365802116,Suvin,7.054368530385206
4.249545176379484,11.569742900493985,33.311543365802116,Muslin,5.681453632516607
5.160752505799864,27.00450221027976,32.26281665759839,Suvin,0.45724690542614826
5.160752505799864,27.00450221027976,32.26281665759839,Muslin,0.9132899799168926
5.836095625475887,20.369553247391586,32.31139783411729,Suvin,1.188160619073753
5.836095625475887,20.369553247391586,32.31139783411729,Muslin,2.1320053970160697
7.04533158987297,18.138260150786934,31.18003999447504,Suvin,21.86392278624203
7.04533158987297,18.138260150786934,31.18003999447504,Muslin,26.7124776169298
3.073398575515475,19.000573373384782,32.63363492536929,Suvin,4.910957819114183
3.073398575515475,19.000573373384782,32.63363492536929,Muslin,8.144001295485765
4.191281056425305,13.581563120495902,33.492918474910816,Suvin,2.9724000020805805
4.191281056425305,13.581563120495902,33.492918474910816,Muslin,3.0001072996875466
4.093832432904819,16.245803346609616,30.471427693249613,Suvin,22.528669992659037
4.093832432904819,16.245803346609616,30.471427693249613,Muslin,14.794000401102837
5.240872234290602,17.722918171481762,31.749998485671163,Suvin,6.06117454460588
5.240872234290602,17.722918171481762,31.749998485671163,Muslin,7.34900586229381
8.147291881927938,26.99240365974274,32.30928706947021,Suvin,16.250798088400934
8.147291881927938,26.99240365974274,32.30928706947021,Muslin,14.79386590400098
3.4262457534472097,30.03054077551185,31.75846239855502,Suvin,0.6714857951175424
3.4262457534472097,30.03054077551185,31.75846239855502,Muslin,1.4947797276309704
8.244097301325914,29.17958679223457,32.711457236009004,Suvin,0.07496280981455478
8.244097301325914,29.17958679223457,32.711457236009004,Muslin,0.15206027481040343
4.686327333114522,18.294792338564655,31.73343139311301,Suvin,28.9506636129757
4.686327333114522,18.294792338564655,31.73343139311301,Muslin,23.48223497198788
4.156538685452427,20.01064980362958,30.082115056287886,Suvin,0.749737466644642
4.156538685452427,20.01064980362958,30.082115056287886,Muslin,3.297536877236933
5.100312432967864,17.190686505527488,31.437994357416308,Suvin,13.322978078525969
5.100312432967864,17.190686505527488,31.437994357416308,Muslin,16.347485762399455
4.912742140675457,14.927176520832322,31.88119861936281,Suvin,9.448955378989181
4.912742140675457,14.927176520832322,31.88119861936281,Muslin,14.991691937412714
4.691692826012997,19.117741197695963,32.849343368179355,Suvin,1.004160110664548
4.691692826012997,19.117741197695963,32.849343368179355,Muslin,1.1842720414465289
8.061677406725064,25.741427097140324,32.29308588372051,Suvin,0.07836287871180117
8.061677406725064,25.741427097140324,32.29308588372051,Muslin,0.13641027314534093
3.0694699257075952,17.405891155470673,30.966137929333613,Suvin,50.54223049712172
3.0694699257075952,17.405891155470673,30.966137929333613,Muslin,87.20352737143998
2.2861571881732003,15.023842224338777,31.476457533700646,Suvin,66.51753131116008
2.2861571881732003,15.023842224338777,31.476457533700646,Muslin,76.40734918634544
3.3967981236662808,16.365061335642622,30.7403907502045,Suvin,4.252761232755188
3.3967981236662808,16.365061335642622,30.7403907502045,Muslin,7.46869907680728
6.695694476442018,17.62724705657529,31.953996082206125,Suvin,0.37359047429210784
6.695694476442018,17.62724705657529,31.953996082206125,Muslin,1.0811828780120865
4.772243703949834,17.622798977204454,30.438746660276482,Suvin,316.01538065793267
4.772243703949834,17.622798977204454,30.438746660276482,Muslin,272.0144182110339
4.800634643867747,12.796349412643954,33.21279566583145,Suvin,3.864641881209243
4.800634643867747,12.796349412643954,33.21279566583145,Muslin,3.848635721849122
3.524733679807053,12.273652883741825,32.16286034013514,Suvin,50.38809789327816
3.524733679807053,12.273652883741825,32.16286034013514,Muslin,37.33442954153993
3.2980574422365483,12.994852670282592,32.42184990144601,Suvin,37.603447583929835
3.2980574422365483,12.994852670282592,32.42184990144601,Muslin,28.17729851469899
5.232305395370025,33.937941513039895,31.470433060647277,Suvin,0.2276019497567765
5.232305395370025,33.937941513039895,31.470433060647277,Muslin,1.0713767037105983
5.354345301002337,19.71025346919742,30.97830438114135,Suvin,0.9361175292245155
5.354345301002337,19.71025346919742,30.97830438114135,Muslin,1.7679293654616977
5.7147119517112825,19.326313446328996,32.163571273335194,Suvin,17.84246713444271
5.7147119517112825,19.326313446328996,32.163571273335194,Muslin,15.830162288865687
3.2853718294177328,11.921875666338385,32.168272402555985,Suvin,11.935147443672145
3.2853718294177328,11.921875666338385,32.168272402555985,Muslin,10.55440532240117
4.150066345643002,22.53056104924091,32.67341490407069,Suvin,0.8978192188456647
4.150066345643002,22.53056104924091,32.67341490407069,Muslin,1.7825658600622558
3.5379478647398206,34.283032509279984,32.47977706681581,Suvin,0.8143668334996019
3.5379478647398206,34.283032509279984,32.47977706681581,Muslin,1.5348683863802115
5.5228855169953714,29.71216391627007,31.33211219668113,Suvin,6.9583068544285105
5.5228855169953714,29.71216391627007,31.33211219668113,Muslin,13.709377280307413
4.844012804223319,15.333662207762334,32.18373343487033,Suvin,2.214734602174284
4.844012804223319,15.333662207762334,32.18373343487033,Muslin,2.968294962427213
9.31187170601451,25.711992120392303,31.026991183618033,Suvin,6.110302908412529
9.31187170601451,25.711992120392303,31.026991183618033,Muslin,5.845578973385756
5.926299342711393,50.0,32.56222387992468,Suvin,0.06186986998723958
5.926299342711393,50.0,32.56222387992468,Muslin,0.28923433284177524
6.530998185993692,23.686581951218205,30.66488164427695,Suvin,0.5956381698904896
6.530998185993692,23.686581951218205,30.66488164427695,Muslin,1.529878128533179
3.735017449386649,12.927186137056703,32.56888076096884,Suvin,0.800376329630153
3.735017449386649,12.927186137056703,32.56888076096884,Muslin,1.1643649076686187
3.2735576737992718,19.44673330527371,32.358549524547655,Suvin,6.017900101737341
3.2735576737992718,19.44673330527371,32.358549524547655,Muslin,9.613192095326887
6.733622121281992,21.277849669365704,32.376961577484664,Suvin,0.09345015595099548
6.733622121281992,21.277849669365704,32.376961577484664,Muslin,0.13884598120938543
6.33697423387476,18.26685925929484,33.186013214673665,Suvin,1.4593833801911575
6.33697423387476,18.26685925929484,33.186013214673665,Muslin,1.8549222476560645
4.923724476351083,31.356822245396305,34.543983039733334,Suvin,0.0267015001435724
4.923724476351083,31.356822245396305,34.543983039733334,Muslin,0.10953634222574073
4.961464908100077,13.447906852821824,31.31353001394128,Suvin,10.272544339851633
4.961464908100077,13.447906852821824,31.31353001394128,Muslin,8.682775722360278
5.444860778182036,17.916505912572365,33.80544249572513,Suvin,0.3260873639582273
5.444860778182036,17.916505912572365,33.80544249572513,Muslin,0.5150762743559515
